{"cameraMode":{"drawMode":0,"name":"Shaded","section":"Shading Mode"},"sceneLighting":true,"audioPlay":false,"sceneViewState":{"m_AlwaysRefresh":false,"showFog":true,"showSkybox":true,"showFlares":true,"showImageEffects":true,"showParticleSystems":true,"showVisualEffectGraphs":true,"m_FxEnabled":true},"in2DMode":false,"pivot":{"x":-0.28189462423324587,"y":1.1975613832473755,"z":6.54965353012085},"rotation":{"x":0.000054315336456056684,"y":0.9997531771659851,"z":-0.0023216495756059887,"w":0.023692265152931215},"size":1.6667084693908692,"orthographic":false}