{"cameraMode":{"drawMode":0,"name":"Shaded","section":"Shading Mode"},"sceneLighting":true,"audioPlay":false,"sceneViewState":{"m_AlwaysRefresh":false,"showFog":true,"showSkybox":true,"showFlares":true,"showImageEffects":true,"showParticleSystems":true,"showVisualEffectGraphs":true,"m_FxEnabled":true},"in2DMode":false,"pivot":{"x":-1.3971284627914429,"y":-3.685197353363037,"z":17.89410400390625},"rotation":{"x":-0.13687503337860108,"y":0.03725394234061241,"z":-0.005185809452086687,"w":-0.9899294972419739},"size":12.329024314880371,"orthographic":false}